Text;Date;LikesCount;RepostCount;URLs
Если бы человек и природа были парой, у них были бы сложные отношения;03 07 2019 5:38:15;965;170;https://sun3-4.userapi.com/c856028/v856028559/844e1/oU-KFsUya9Q.jpg https://sun3-4.userapi.com/c851328/v851328559/160113/nxRVpD6I-to.jpg https://sun3-2.userapi.com/c851016/v851016559/15c596/9QE9iQe8w6U.jpg https://sun3-1.userapi.com/c851016/v851016559/15c59e/yfyY59B-6ns.jpg https://sun3-4.userapi.com/c851016/v851016559/15c5a6/85bdIGGHcn4.jpg https://sun3-2.userapi.com/c851016/v851016559/15c5ab/4WEk4DTVLd8.jpg https://sun3-4.userapi.com/c851016/v851016559/15c5b6/gwDG4Ouc2qE.jpg https://sun3-3.userapi.com/c851016/v851016559/15c5be/y8P2NcriAnM.jpg
Greenpeace запустил челлендж  ??ИЮЛЬ МЕСЯЦ БЕЗ ПЛАСТИКА?? Который призывает на месяц сократить использование пластика в своей жизни.   Простые советы, что можно сделать: ??ходить в магазин с авоськой и тряпочными пакетами для фруктов  ??покупать напитки на вынес в свой стакан ??сдать весь накопившийся пластик дома  ??брать воду с собой в многоразовой таре ??отказаться от покупок с большим количеством лишней упаковки - или просить положить в свою (кулинария на вынос)   Просто попробуйте ОДИН МЕСЯЦ контролировать использование пластика в своей жизни и планировать день без него.   ??кстати, за неделю мы съедаем 5 грамм пластика - это вес пластиковой карты;02 07 2019 6:54:11;125;62;https://pp.userapi.com/c855136/v855136476/859bb/6t3UmYQB4eI.jpg
??Друзья! [club39692347|Экология России] , совместно с [club180180438|Научпоп с Book24] , приглашает вас принять участие в розыгрыше книги????    «Как отказаться от пластика: руководство по спасению мира». ??МакКаллум Уилл .    Книга «Как отказаться от пластика» — это больше, чем руководство по уборке своего дома от нежелательного пластикового мусора. Это настольная книга о том, как вступить в ряды растущего во всем мире движения людей, для которых пластик символизирует прошлый мир, где никто в должной мере не заботился об окружающей среде.    Из этой книги вы узнаете:    • о том, что необходимо стирать одежду в специальных мешочках (пластиковые микроволокна составляют 30% пластика в океане)    • как заставить супермаркеты отказаться от лишней упаковки    • как устроить вечеринку без пластика    • как убедить других присоединиться к вам в борьбе с пластиком.    Пластик не исчезнет сам по себе. Нам необходимо движение, состоящее из миллиарда крошечных действий людей со всего мира. Нам нужны изменения, которые отразятся на жизни маленьких деревень и больших городов.    Объединим силы всей планеты, чтобы покончить с зависимостью от пластика!    #BreakFreeFromPlastic    ?Для участия в конкурсе вам необходимо:    ?Быть участником сообщества [club39692347|Экология России]  ?Быть участником сообщества [club180180438|Научпоп с Book24]  ?Сделать репост записи к себе на стену и не удалять его до конца розыгрыша.    ??13 июля мы случайным образом выберем одного счастливчика! Доставка по РФ за счет организатора! ??;29 06 2019 9:52:06;227;141;https://pp.userapi.com/c848624/v848624213/1cf2c2/Giqh14x9R1E.jpg
Свалка Газипур в Нью-Дели уже достигла высоты башен Лондонского моста и продолжает расти с поразительной скоростью. Если эта динамика сохранится, то уже через год гора мусора станет выше, чем Тадж-Махал, один из самых знаменитых архитектурных памятников Индии.   Огромную кучу мусора местные жители в шутку называют «Эверест». Она уже выросла до 65 метров в высоту, и потому Верховный суд Индии вынес постановление: снабдить свалку сигнальными огнями, чтобы самолеты и вертолеты случайно не врезались в нее. Газипур впервые открыли в 1984 году, и, разумеется, никто не ожидал, что она достигнет таких чудовищных размеров. К 2002 году мусорный холм поднялся на 20 метров над землей и, согласно проекту, должен был закрыть.   Однако до сих пор 21 миллион человек, живущих в Нью-Дели, невольно зависят от этого зловонного чудовища и двух его «сородичей» — соседних свалок. Примечательно, что своего максимального объема все они достигли уже как минимум 10 лет назад, но мусор продолжает поступать.   «Каждый день в Газипур сбрасывается около 2000 тонн мусора», рассказал один из муниципальных чиновников Дели, пожелавший остаться неизвестным. Это значит, что каждый год свалка вырастает примерно на 10 метров в высоту. Это не только неприятно с точки зрения эстетики, но и попросту опасно. В прошлом году два местных жителя оказались буквально погребены под лавиной мусора, которая сошла после проливного дождя. Но это не главная беда: поскольку отходы, хранящиеся в Газипуре, представляют собой рыхлую и ничем не защищенную органику, то со временем она попросту начинает разлагаться. Такой обширный процесс гниения вызывает нагрев мусора и производит очень много метана. Разумеется, случайные пожары дестабилизируют конструкцию еще сильнее, не говоря уже о смрадном смоге, загрязняющем воздух.   Свалка расположена прямо на земле, а потому продукты распада, которые образуются в процессе так называемого выщелачивания, попадают в местные водоемы и загрязняют грунтовые воды. Жители Нью-Дели говорят, что огромная куча мусора смердит так сильно, что дышать в ее окрестностях практически невозможно. Местный врач рассказал, что каждый день к нему на прием попадает примерно 70 человек с жалобами на последствия пассивного отравления — от респираторных заболеваний до инфекций и заболеваний желудка, спровоцированных грязным воздухом. Особенно сильно от этого страдают дети и младенцы.  Многие политические партии пытались решить проблему с этой «бомбой замедленного действия», но пока ни одна из них не достигла существенных результатов. Индия — один из крупнейших производителей мусора во всем мире, который уже давно столкнулся с так называемым «кризисом отходов». Если меры не будут предприняты в ближайшее время, то Газипур и соседние мусорки вскоре вырастут настолько, что очистить их станет попросту невозможно.;27 06 2019 17:19:45;745;215;https://sun3-2.userapi.com/c852232/v852232044/154843/mIraMmUYpp0.jpg https://sun3-3.userapi.com/c849032/v849032044/1ccb26/dbmlaIoDZJ8.jpg https://sun3-3.userapi.com/c850124/v850124044/177667/yzcRJ1J9Mfg.jpg https://sun3-1.userapi.com/c851332/v851332044/157349/uORB3DjZUko.jpg https://sun3-3.userapi.com/c851332/v851332044/157352/PsYrnzyDfxo.jpg https://sun3-2.userapi.com/c851332/v851332044/15735b/0FaT5ty3eQA.jpg https://sun3-1.userapi.com/c852136/v852136044/151725/XIJlHco0WXU.jpg
??Сегодня день летнего солнцестояния. Самая короткая ночь лета, отличный повод провести ее весело =)   И ещё Астрономы определяют день летнего солнцестояния как точку начала астрономического лета.;21 06 2019 10:45:53;151;29;https://pp.userapi.com/c855028/v855028923/76f73/WsfWnO7xnSQ.jpg
Бyдни фoтoгpaфa National Geographic;21 06 2019 7:13:53;804;53;https://pp.userapi.com/c853428/v853428770/75309/KlmXdRt--fo.jpg https://pp.userapi.com/c849228/v849228770/1c9a5e/6LQAo2wHK28.jpg https://pp.userapi.com/c849424/v849424770/1bcbf7/yEFiCAB0t2Q.jpg https://pp.userapi.com/c849424/v849424770/1bcc00/Y_jFczJAR8U.jpg https://pp.userapi.com/c848732/v848732770/1cdf78/Kb7Y3i2s1ro.jpg
"Издательский Дом Мещерякова разыгрывает книжную новинку, посвященную экологическим проблемам, «История мусора: от древних отходов до переработки пластика» Мирко Мазелли.   С эконавтом Морисом Ля Натюром и его верным псом-ищейкой Рэбби читатель отправится в путешествие по истории мусора: узнает, какая была канализация в Древнем Риме, какие туалеты были у «короля-солнца», каких животных держали в Средневековье и как они помогали в уборке мусора!   Увлекательный маршрут по экологическим этапам жизни общества подойдет даже самым педантичным читателям, а смешные иллюстрации и зарисовки разбавят пикантные моменты. Книга рассчитана на детскую аудиторию, но даже взрослым будет интересно окунуться в историю мусора с головой.   Итоги розыгрыша подведем в пятницу, 28 июня!   Для участия вам нужно:   - Подписаться на [club34249553|@idmkniga] Издательский Дом Мещерякова;  - Сделать репост этой записи;  - Репост должен быть сделан не позднее 27 июня!   Доставка по России бесплатно.   Всем удачи!??";20 06 2019 16:20:00;353;110;https://pp.userapi.com/c854420/v854420161/719d7/K1ZRIksWYpQ.jpg
Москва и Ростов, ликуйте: к 2020 году во всех дворах должны появиться контейнеры для раздельного сбора мусора.??  Подробности Москва: https://tass.ru/obschestvo/6564050 Подробности Ростов: https://rostof.ru/articles/s-2020-goda-rostov-pereydet-na-razdelnyy-sbor-musora;19 06 2019 15:35:13;123;9;https://pp.userapi.com/c853420/v853420238/6df57/AMfjVSjEgGY.jpg
Самый маленький олень в мире, который, возможно, скоро исчезнет   Самый маленький олень в мире — это пуду. Вот вы видите его на фото. Длина их тела достигает чуть менее метра – от 80 до 93 сантиметров, а высота в холке – 30-40 сантиметров.  Впервые этот род описал в 1850 году натуралист Джон Эдвард Грейем.  Название пуду переводится, как «народ южного Чили», а так как пуду обитают на склонах Анд, то их еще называют «чилийскими горными козлами».  Распространение пуду  Распространены эти животные в Эквадоре, южной Колумбии, Чили, Перу и на западе Аргентины. Раньше пуду были многочисленны в Западной Аргентине и Андах Чили, а также на островах Чилийского побережья  Но сегодня эти животные исчезли из большинства районов, так как люди их активно преследовали. Пуду живут лишь в морских районах Чили и на острове Чилос.  Образ жизни маленьких оленей  Пуду живут в густых зарослях, в лесах, поднимаясь до 4 тысяч метров. Рацион их питания состоит из травы, семян, листьев кустарников и плодов. Пуду могут жить парами, семейными группами или поодиночке.  Днем пуду прячутся в непроходимых зарослях кустарников и лишь с наступлением ночи выходят на открытые места, чтобы пастись. Чаще всего они кормятся на берегу моря, поскольку там имеется много водорослей фуксий, эти водоросли и составляют основу рациона пуду. Летом эти олени очень осторожные, но зимой, когда не хватает еды, они подходят к жилищам людей, где нередко становятся жертвами собак.  Размножение пуду  Беременность у самок продолжается 7 месяцев. Самка рожает одного детеныша. Малыши появляются вначале лета и при рождении в длину составляет всего 15 см.  Численность миниатюрных пуду  Оба вида пуду являются уязвимыми, они находятся в Красной книге. Численность этих животных в основном пострадала из-за утраты их мест обитания, а также чрезмерной охоты.  Различают северных и южных пуду. Но внешне они почти не отличаются друг от друга.  Южных пуду проще содержать в неволе в сравнении с северными пуду, но раньше маленькая популяция северных пуду жила в зоопарках. В 2010 году около 100 особей южных пуду обитали в американских и европейских зоопарках. Этих животных охраняют в разных национальных парках. Но, не смотря на меры по сохранению пуду, этому роду грозит опасность исчезновения.  Пуду могут быть истреблены в связи с разрушением их мест обитания, так как люди активно вырубают тропические леса. Люди очищают землю для ведения сельского хозяйства, лесозаготовки и разведения домашнего скота. Помимо этого строятся трассы и дороги, поэтому пуду часто погибают под колесами машин. Также пуду вылавливают, чтобы содержать в качестве домашних животных или для незаконной продажи. Кроме того, люди убивают пуду из-за мяса. Домашние собаки нападают на пуду и заражают их паразитами. Все эти факторы могут стать губительными для уязвимых маленьких оленей.;19 06 2019 13:10:31;384;30;https://pp.userapi.com/c855420/v855420238/67d54/fWs9QVJAp2A.jpg https://pp.userapi.com/c855636/v855636238/73edc/UCK8AVxvV8o.jpg https://pp.userapi.com/c849228/v849228238/1c2f1c/bND1jaci1Cc.jpg https://pp.userapi.com/c852016/v852016238/14d337/1dYBpKmhrtI.jpg
?320 тыс пластиковых пакетов мы производим каждую секунду ?2 млн пластиковых пакетов мы производим каждую минуту ?1 трл пластиковых пакетов мы производим каждый год;18 06 2019 4:34:07;189;43;https://pp.userapi.com/c850224/v850224646/16805b/a14ffmhOuDg.jpg https://pp.userapi.com/c856136/v856136646/6d942/t-pV4NEbw94.jpg https://pp.userapi.com/c854124/v854124646/6d663/5h5XyFpXTGI.jpg
Друзья, наша коллега в рамках дипломного проекта разработала серию эколого-просветительских плакатов. Давайте, поможем ей и ответим на пару вопросов по плакатам: https://forms.gle/BpmKDUFtS4pLytD49 Автор: Валерия Ковган;17 06 2019 4:45:03;133;15;https://pp.userapi.com/c850736/v850736129/14ab78/sVBZHl7UfxM.jpg https://pp.userapi.com/c850720/v850720129/14afbe/8Z-TrSYTQRE.jpg https://pp.userapi.com/c850332/v850332129/1753ea/7Q3VLzfsYes.jpg https://pp.userapi.com/c850332/v850332129/1753f3/69V1G5QiwRU.jpg https://pp.userapi.com/c850332/v850332129/1753fc/CipYVgqo5-g.jpg https://pp.userapi.com/c850332/v850332129/175405/k0_mS0oIvb8.jpg
"Пoдбopкa фoтoгpaфий ""Бepeгитe в себе чeлoвекa""";16 06 2019 15:38:00;972;116;https://pp.userapi.com/c855232/v855232151/68daa/p-Xsz9IRE74.jpg https://pp.userapi.com/c855324/v855324151/6ca21/GZZQx_88n_Q.jpg https://pp.userapi.com/c856032/v856032151/6e5a7/eWqoP7WX7j8.jpg https://pp.userapi.com/c856032/v856032151/6e5af/_Vohh-P4uvU.jpg https://pp.userapi.com/c856032/v856032151/6e5bb/RkPtD_dHh-g.jpg https://pp.userapi.com/c856032/v856032151/6e5bf/2EW6c-HU694.jpg https://pp.userapi.com/c856032/v856032151/6e5c7/PP8fX5J_bwg.jpg https://pp.userapi.com/c856032/v856032151/6e5cf/O6hglbQDvR4.jpg https://sun3-2.userapi.com/c856032/v856032151/6e5d7/JurQBUsNei4.jpg
Во многих странах около торговых центров расположены не только парковки для машин, но и для собак, где вы можете оставить питомца на время шоппинга, а он будет укрыт от солнца и иметь доступ к воде. Такая практика начинает набирать популярность и в России. А вы встречали такие парковки?;15 06 2019 4:50:16;396;50;https://pp.userapi.com/c848636/v848636376/1bbc97/Vx2fu9-5sSc.jpg https://pp.userapi.com/c850728/v850728376/1493a3/9ldoROhMsGk.jpg https://pp.userapi.com/c853524/v853524376/6d729/mh4qM6EChE4.jpg https://pp.userapi.com/c853524/v853524376/6d731/U-tj1Ql4GXM.jpg https://pp.userapi.com/c853524/v853524376/6d739/_60gJ575ndw.jpg
ЧТО ПОЧИТАТЬ?  Донелла Медоуз, Йорген Рандерс, Деннис Медоуз. Пределы роста: 30 лет спустя. М., 2012.  Главная книга ХХ века об устойчивом развитии. Творение супругов Медоуз и их коллеги Йоргена Рандерса было изначально написано по заказу Римского клуба (первый вариант книги увидел свет еще в 1972 году). «Пределы роста» объясняют зависимости между численностью населения и объемами производства и потребления, экспоненциальный рост которых за последние 30 лет сильно приблизил человечество к физическим пределам нашей планеты;14 06 2019 5:38:00;82;10;https://pp.userapi.com/c855424/v855424139/6347e/WrEgwcgNE-c.jpg
Просто милый бегемотик напоминает, что завтра уже пятница;13 06 2019 13:22:46;525;17;https://pp.userapi.com/c855520/v855520139/676dd/VGosxF-57tA.jpg https://pp.userapi.com/c855336/v855336139/693c7/6ljtQMSzVA4.jpg https://pp.userapi.com/c851120/v851120139/14b315/_6dUrCYgcuU.jpg https://pp.userapi.com/c855336/v855336139/693d0/w7CRAWrIQqg.jpg https://pp.userapi.com/c855336/v855336139/693d8/b3GFYnjssfE.jpg
Паразиты Земли;12 06 2019 8:07:00;2578;413;https://sun3-4.userapi.com/c850024/v850024052/1ad8f1/bQRCzLeo6tA.jpg https://pp.userapi.com/c850432/v850432052/13c298/JUQyB2OArJc.jpg https://sun3-3.userapi.com/c855136/v855136052/6851e/49chsnLws-U.jpg https://sun3-4.userapi.com/c855136/v855136052/68527/-E1qz8xEU0g.jpg https://sun3-2.userapi.com/c855136/v855136052/68530/wp9ikOt_jAg.jpg https://sun3-1.userapi.com/c855136/v855136052/68539/3gq6IVjMsRE.jpg https://pp.userapi.com/c850236/v850236052/167157/6H9iZ39xMz0.jpg https://sun3-3.userapi.com/c850236/v850236052/167160/4VZIPONWuXI.jpg
Состояние нашей планеты вызывает тревогу за будущее.   Уже завтра состоится Бесплатный вебинар, как внести свой вклад в спасение Земли, регистрация по ссылке: https://webinar.promrusscon.com/  В мировом океане скапливается пластиковый мусор в угрожающем количестве. Появляются новые вызовы: оказывается, надежды на то, что пластиковый мусор со временем распадётся, тают быстрее, чем антарктические льды. Частички полураспада, – микропластик – попадает всюду, даже проходит через существующие фильтры, а степень вредного влияния его на организм человека ученые еще только начинают исследовать. Есть ли лично у нас возможность внести вклад в спасение Земли? Или нам остаётся пока лишь информировать друг друга и бить тревогу в СМИ о грозящей экологической катастрофе? К счастью, среди нас нашлись неравнодушные и деловые люди, которые не только предлагают реальные пути решения проблемы, но и уже приступили к реализации крупного экологического проекта, реализация которого будет способствовать оздоровлению нашей природы. Приглашаем на бесплатный вебинар 12 июня 2019 года, на котором ОСНОВАТЕЛЬ ПРОЕКТА расскажет не только ходе реализации проекта и дальнейших планах, но и возможностях для каждого из нас внести свой вклад в развитие проекта. Уникальность данного момента в том, что за счет огромной востребованности материалов нового поколения, приходящих на замену химическим пластикам, инвестиции в проект настолько выгодные, что позволяет каждому инвестору заработать высокий доход. Узнайте подробности и гарантии защиты Ваших будущих инвестиций из первоисточника, записывайтесь на вебинар! Принять участие: https://webinar.promrusscon.com/;11 06 2019 4:30:01;23;6;https://pp.userapi.com/c850232/v850232259/169315/Mlc3907u0PI.jpghttps://pp.userapi.com/c854128/v854128010/66549/NWInjoRxGq8.jpg https://pp.userapi.com/c855220/v855220010/65490/Wuz7Ad76sfE.jpg https://pp.userapi.com/c856028/v856028010/69267/jIVmP_zyohY.jpg https://pp.userapi.com/c856028/v856028010/69270/CFphzDjQKhE.jpg
6 ЭКОВОЛОНТЕРСКИХ ПРОГРАММ 2019 года  1. Таиланд: спасение мангровых лесов За волонтерство ни вы, ни организация не платите, однако будьте готовы, что питаться придется за свой счет — Mangrove Action Project, возможно, поможет вам только с жильем. https://mangroveactionproject.org/opportunities/  2. Байкал: очищение родников  Перелет до Байкала вы оплачиваете сами, а вот за проживание платить не надо. Единственное, придется сделать небольшой взнос — в несколько тысяч рублей — на еду. Длительность у каждой программы различна — от пары дней до недели и больше. https://greatbaikaltrail.org/volunteer-projects/  3. Коста-Рика: помощь черепашкам За работу вам не заплатят, а вот вам придется немного потратиться — неделя проживания в лагере (вместе с трехразовым питанием) обойдется в 250 долларов на человека. https://www.volunteerworld.com/en/volunteer-program/sea-turtle-conservation-ambassador-in-costa-rica-quepos  4. Камчатка: обустройство парка Волонтерам здесь гарантируют бесплатное проживание — взамен надо будет основательно поработать. Добровольцам предстоит обустраивать пешие дороги (при необходимости даже возводить небольшие мосты), а также общаться с туристами и следить за чистотой в парке. http://vulcanikamchatki.ru/deyatelnost/volontrskaya_rabota/  5. ЮАР: уход за обезьянами Желающих взяться за такую работу, к слову, достаточно много — хоть International Primate Rescue и не платит волонтерам, однако обеспечивает их жильем и питанием. По крайней мере тех, кто приезжает в ЮАР на длительный срок — от года. https://www.volunteerworld.com/en/volunteer-program/long-term-primate-carer-in-south-africa-pretoria  6. Помощь на фермах по всему миру Отдельно стоит сказать и о сервисах, которые помогают всем, кто хочет заняться в путешествии трудотерапией. Два проекта — HelpX и WWOOF — предлагают всем желающим стать на время помощником фермера. При этом фермы, нуждающиеся в свободных руках, расположены по всему миру. https://www.helpx.net/ и http://wwoof.net/   *по материалу журнала knife.media;10 06 2019 16:19:34;368;84;https://pp.userapi.com/c854128/v854128306/6891e/wnzcW0cKXpw.jpg
Друзья, оставляйте актуальную информацию, петиции против строительства мусорного полигона ТБО на станции Шиес, в комментариях!  Поможем друг другу ??;10 06 2019 4:12:57;185;17;https://pp.userapi.com/c849432/v849432714/1abced/x0dX8pv_Ml0.jpg
Цирк в немецком Гамбурге начал использовать голограммы животных вместо настоящих;06 06 2019 6:26:13;1829;108;https://pp.userapi.com/c850136/v850136378/16b5ef/EGPZC5jKepA.jpg
Сегодня мы расскажем о профессии ЭКОЛОГ.  На самом деле эколог - это обобщённое название, существует множество специализаций:  ??инженер-эколог: занимается разработкой различных очистных сооружений ??эколог-проектировщик: разрабатывает проекты по защите окружающей среды (ОВОС, ПДВ и пр) ??лаборант-эколог: проводит исследования воды/ почвы и пр в физико-химической и биологической лабораториях ??эколог-урбанист: анализ городской ситуации с точки зрения экологии и разработка решений по улучшению экологической ситуации в городе ??рециклинг-технолог ??экоаудитор ??архитектор энергонулевых домов ??системный биотехнолог ??специалист по экосертификации зданий (LEED, BREEAM, DGNB и пр.) ??специалист по экологически катастрофам  ??экологические изыскания  Данные профессии названы профессиями будущего и будут одними из наиболее востребованных в ближайшие 15 лет.;05 06 2019 5:45:53;344;63;https://pp.userapi.com/c854420/v854420549/59b2e/8Q21kn57kHQ.jpg
С праздником!;05 06 2019 3:55:48;945;104;https://pp.userapi.com/c855328/v855328350/5dde1/ZYj14XYo0Ek.jpg
Тогда и сейчас;30 05 2019 13:37:08;941;108;https://pp.userapi.com/c851216/v851216158/133304/YP8tXalxUKQ.jpg
Уборка без вреда для экологии ??          Чистоту в квартире можно достигнуть не используя бытовую химию.          Компания Greenway заботится об экологии и предлагает альтернативу вредным средствам для уборки.          Наша группа https://vk.com/tvergreenway          Greenway — это:     ?? Безотходная уборка. Нет губок и бутылок из под химии.          ??Экологично. Шаг на пути к отказу от химии. Вы понимаете — спрос пораждает предложение. И наоборот, меньше покупаем — меньше производят.          ??Безопасно. Средства подтверждены сертификатами. В состав порошков, пятновыводителей входят растительные компоненты.          ?? Выгодно. Нет затрат на бытовую химию и, в отличии от губок, одна салфетка служит больше года.          ??Эффективно. Удаление сложных загрязнений, благодаря микроволокну. Подробнее о технологии https://vk.com/wall-175436134_1100          ?? Развитие. Новая эко-привычка, которая приносит доход. Информацию о заработке найдете в группе.          Разумное потребление и отказ от средств, которые оставляют непоправимый эко—след — помогут планете выжить. Начни с себя, внеси вклад в будущее детей.           При заказе свыше 3000 рублей, Вам возвращается кэшбэк 7%.          Каталог товаров https://vk.com/market-175436134          По всем вопросам и для заказа  https://vk.com/id44992726;29 05 2019 16:30:37;50;10;https://pp.userapi.com/c853620/v853620230/51c9c/eMX1ZxX5PUQ.jpg
Всемирный фонд дикой природы Португалии запустил прямую трансляцию продолжительностью 450 лет. Всё это время на экране будет разлагаться пластиковая бутылка. Цель стрима – мировое соглашение, которое запретит загрязнять мировой океан пластмассовыми отходами.;29 05 2019 7:35:20;270;33;https://sun3-1.userapi.com/c851020/v851020989/12fc91/crPjjTJSIio.jpg
ЧТО ПОЧИТАТЬ?  Пишите в комментариях, оставляем рубрику или нет ??;23 05 2019 4:47:26;160;17;https://pp.userapi.com/c854524/v854524583/4bee8/d41H7ExY-Xk.jpg
Звуковой ландшафт города: какая акустическая среда нужна в мегаполисе и как спасти горожан от шума;21 05 2019 15:28:55;21;5;
Cлoниxa Taйк была поймана в саванне Зимбабве и переправлена в США для работы в бродячем цирке, где её регулярно дисциплинировали остроконечным cтpeкалом для слона. В 1994 году после 20 лет неволи и пыток, терпение Taйк достигло своего предела в Гoнoлyлy, где она прорвалась через заграждения ринга и стремительно направилась к выходу. Она гонялась за клоунами и дрессировщиками, переворачивала машины и затем вырвалась на улицы Гoнoлyлу, чтобы сбежать из рабства.  Полицейские выстрелили в неё 86 раз прежде чем она yмеpла. Она yмиpaла 2 часа. В следующий раз, когда вам скажут, что животные любят работать в циркax – вспомните эту фотографию, сколько паники, бoли и бессилия в этих глазах.;20 05 2019 4:54:08;801;181;https://pp.userapi.com/c855020/v855020920/479d9/uCfMMCJJvFM.jpg
Иллюcтрaции о чувствах живoтных;17 05 2019 12:14:16;1623;281;https://pp.userapi.com/c847216/v847216045/1ff501/IbRt8mFzvRg.jpg https://pp.userapi.com/c845123/v845123045/20b1ac/qwXA3ibkxR8.jpg https://sun3-4.userapi.com/c845123/v845123045/20b1bd/QhmTICzm91c.jpg https://pp.userapi.com/c845123/v845123908/212509/FD_d-fi_VxQ.jpg https://pp.userapi.com/c845123/v845123908/212539/-AXXflJrHYc.jpg https://pp.userapi.com/c845123/v845123908/212541/TF-vpdS8-P4.jpg https://pp.userapi.com/c845123/v845123908/212549/folgL8wm1C8.jpg https://pp.userapi.com/c845123/v845123908/212551/tZG6tCdfvAs.jpg https://pp.userapi.com/c845123/v845123908/212563/rMYc41-zcC4.jpg https://pp.userapi.com/c845123/v845123908/21256b/7AE2nKgaFh8.jpg
Насколько на самом деле глубокий океан и что находится внизу?   Под каждой картинкой вы найдёте описание  Океан действительно очень-очень глубокий. Намного глубже, чем мы можем себе представить. Если измельчить все горы, острова и неровности Земли и засыпать их в самую глубокую впадину в океане, то вода из нее поднимется и покроет всю планету слоем толщиной 5 метров.   Океан изучен всего на 5%;15 05 2019 8:50:20;601;75;https://pp.userapi.com/c850216/v850216597/145945/mpaIy7v5x00.jpg https://pp.userapi.com/c845018/v845018597/202a12/4f1jb71Yb5I.jpg https://pp.userapi.com/c849336/v849336597/192a5b/-kFh8bE3unE.jpg https://pp.userapi.com/c849336/v849336597/192a64/v_127YVVJEo.jpg https://pp.userapi.com/c850020/v850020597/186789/fQAIXHUlD0k.jpg https://pp.userapi.com/c850020/v850020597/186792/QZQxqI5pltk.jpg https://pp.userapi.com/c850020/v850020597/18679b/bTMxcNENnEc.jpg https://pp.userapi.com/c855224/v855224597/41e31/6Q1IaaLVmew.jpg https://pp.userapi.com/c845120/v845120597/1fae27/Z24ffZ9qbUo.jpg https://pp.userapi.com/c845120/v845120597/1fae30/emknDn5iZ_k.jpg
Интерактив: какой была погода в день, когда вы родились   На главной странице достаточно указать город, где вы родились, и нажать next. У вас спросят дату рождения, имя и электронную почту — последние два пункта можно пропустить, если вы не хотите получать рассылку. https://birthdayweather.eu;14 05 2019 15:16:00;55;6;https://pp.userapi.com/c844321/v844321503/2050f6/zxrY1HSWjuQ.jpg
Концентрация углекислого газа в атмосфере Земли впервые в истории человечества достигла уровня 415,26 ppm (миллионных долей по объему) свидетельствуют данные Океанографического института Скриппс. Это значение было зафиксировано 11 мая, это первый случай, когда среднее дневное значение превысило 415 ppm.  Согласно палеоклиматическим данным, такой уровень концентрации углекислого газа наблюдался около 3-5 миллионов лет назад, когда на Земле средняя глобальная температура была на 2-3 градуса выше, а уровень Мирового океана — на 10-20 метров выше, чем сейчас.;14 05 2019 6:07:21;128;33;https://pp.userapi.com/c845021/v845021023/208c30/5EW8c9eWQOY.jpg
"Социальная реклама: ""Соломинка – это оружие, не используйте его""";13 05 2019 16:29:28;233;14;https://pp.userapi.com/c855724/v855724782/3e195/hZaBJNOjPWY.jpg
??Пожары в Иркутске не утихают, в некоторых местах огонь уже находится всего в 2км от населённых пунктов. Друзья, оставляйте актуальную информацию и варианты помощи (ссылки на общественные пожарные отряды и пр.) в комментариях!;13 05 2019 7:03:40;52;7;https://pp.userapi.com/c851424/v851424722/117834/0PY29g-I3ic.jpg
В Иркутске горит лес Объявлен режим ЧС во многих районах  https://www.irk.ru/news/articles/20190507/territory/;12 05 2019 20:06:17;37;5;https://pp.userapi.com/c852320/v852320047/11707e/e4x2_3EeZNU.jpg
"Социальная реклама против вырубки лесов: ""Это не только дерево""";12 05 2019 17:27:56;596;57;https://pp.userapi.com/c846021/v846021782/1fde4c/YlGmCTh9tUc.jpg https://pp.userapi.com/c849232/v849232782/18ced7/8vC-lLKJ0ZA.jpg https://pp.userapi.com/c849416/v849416782/186245/X3VbSLIguVs.jpg
Вот что будет, если одно растение хвалить, а другое ругать.;07 05 2019 4:52:08;924;118;https://sun3-2.userapi.com/c840736/v840736146/896a6/hif35GdgYAQ.jpg
А какие летают у вас над головой?  Пиши в комментариях название птицы и город??;26 04 2019 6:43:17;191;46;https://pp.userapi.com/c844216/v844216173/1f5b92/qOi8bRo6ZTc.jpg
Из-за степных пожаров в Забайкалье сгорело 600 домов, погиб один человек, 10 000 овец,  1 277 голов крупного рогатого скота, 500 лошадей, 118 свиней и 1 800 птиц.   Ущерб от пожаров составил более миллиарда рублей;25 04 2019 11:49:15;199;28;https://pp.userapi.com/c847123/v847123098/1f4a3d/zE6mvN1Gmts.jpg
ХОРОШАЯ ПРИВЫЧКА Отправлять органические отходы в диспоузер, а не в мусорное ведро  Диспоузер, измельчитель пищевых отходов, устанавливают под раковиной и подключают к канализации.  Органические пищевые отходы занимают от 30 до 80 процентов мусорного ведра. Кожура и очистки, кости, испорченные и недоеденные продукты — в контейнере все это протекает, неприятно пахнет и пачкает все вокруг. Но и это не самая большая беда: завязанный в пакет мусор на полигонах становится участником анаэробного процесса и начинает выделять оксиды серы, сероводород, меркаптаны, метан и другие газы. Этот коктейль — виновник неприятного запаха и источник токсичных продуктов горения, попадающих в воздух ближайших населенных пунктов.;24 04 2019 5:29:00;148;27;https://pp.userapi.com/c851332/v851332948/1096f8/G_H6nQOdQLs.jpg
До 5 мая проходит Акция в Starbacks  С каждой проданной пачки кофе Starbucks будет посажено одно дерево: компания перечислит средства сервису «Посади Лес», волонтеры которого уже нашли место для посадки новых деревьев.  А также Ищите в одной из четырёх кофеен Москвы Лесомат ? интерактивный проект «Посади Лес», с помощью которого вы можете не выходя из кофейни посадить саженец и сразу полить свое дерево. Команда проекта выдаст вам специальный сертификат и начнет поиск реального места для посадки этого дерева.;23 04 2019 5:29:00;81;5;https://pp.userapi.com/c846521/v846521107/1e6b9f/es4Y0BYtRCc.jpg
Праздник или пластик: как веселиться, не засоряя планету;22 04 2019 16:56:40;103;35;
Snapchat и ООН показали планету в будущем  Разработчики социальной сети совместно с ООН создали фильтр для приложения, чтобы с помощью виртуальной реальности показать людям планету в 2100 году Snapchat совместно с Организацией Объединенных Наций запустили социальный проект ко Дню Земли, пишет издание Adweek. Разработчики приложения создали специальный фильтр виртуальной реальности, чтобы показать, как будет выглядеть планета к 2100 г. Пользователи смогут навести камеру смартфона на улицы и увидеть предположительную ватерлинию.Таким способом Snapchat и ООН стараются привлечь внимание к проблеме глобального потепления на планете. По прогнозам организации, уровни морей к 2100 г. поднимутся приблизительно на 1,5 м, а океанов — на 0,3–0,5 м. Это приведет к разрушению прибрежных зон в портовых городах и нанесет ущерб многим районам.;22 04 2019 10:02:03;74;6;https://pp.userapi.com/c855732/v855732422/29e75/zC1RnqLvaJ4.jpg https://pp.userapi.com/c845020/v845020363/1f586e/R1QNacUEBOg.jpg https://pp.userapi.com/c852024/v852024422/102005/FAukiihqLW8.jpg https://pp.userapi.com/c852024/v852024422/10200d/soo_AYPIRvE.jpg
Забота о домашнем питомце тоже может быть экологичной.   Используйте древесный наполнитель для лотка вместо силикагелевого — он делается из опилок и поэтому легко разлагается без вреда для окружающей среды.;17 04 2019 18:20:15;171;20;https://pp.userapi.com/c849420/v849420959/16ca81/OzcBajrthTg.jpg
"Социальная реклама, которая заслуживает внимания: ""Количество пикселей на фото соответствует количеству оставшихся особей""";16 04 2019 16:58:12;554;53;https://pp.userapi.com/c849220/v849220217/177c2d/6GTfexAzTgk.jpg
Итоги регионального этапа Национального лесного форума подвели в Тюмени    11 и 12 апреля участники форума – первые лица отрасли и региона, в том числе губернатор Александр Моор – обсуждали меры по совершенствованию лесного законодательства, перспективы дальнейшего развития отечественного лесопромышленного комплекса и повышения его инвестиционной привлекательности, использование городских лесов для создания комфортных условий для жизни.    Один из ключевых выводов участников форума – создание и развитие отечественной системы лесной сертификации может и должно стать точкой роста российской лесной отрасли.    «Отечественная система лесной сертификации не должна подменять международные аналоги, она должна быть параллельной им. Пусть цветут все цветы. Но если мы видим, что к нашим предприятиям лесной отрасли относятся несправедливо, то надо показать альтернативу. Наша система должна служить нашей стране», - подчеркнул председатель оргкомитета Национального лесного форума, глава комитета Госдумы РФ по природным ресурсам, собственности и земельным отношениям Николай Николаев.    Конструктивные предложения, прозвучавшие на дискуссионных площадках, войдут в итоговые документы форума, которые направят в органы исполнительной и законодательной власти страны.    Следующие этапы форума состоятся с 22 по 23 апреля в Перми, со 2 по 3 июня - в Якутске, с 4 по 5 июля - в Сыктывкаре, со 2 по 3 сентября - в Красноярске. Завершится форум в Москве 13 сентября.    #Лесопонимание #Лесолюбы;16 04 2019 7:59:20;17;1;https://pp.userapi.com/c852124/v852124132/ff86d/Yz3QwEI7-44.jpg https://pp.userapi.com/c855124/v855124132/2434f/PDTo_6r0c7Q.jpg https://pp.userapi.com/c844617/v844617303/1ee2e1/bUPea7aXVis.jpg https://pp.userapi.com/c844617/v844617303/1ee2ea/5n6V0HLtkwQ.jpg https://pp.userapi.com/c844722/v844722303/1e777a/qe8OILEb7sA.jpg
Осознанное потребление и с чем его едят.  Осознанное потребление - это рациональный шоппинг, а не эмоциональный.   Быстро развивающаяся мода вынуждает нас покупать новые вещи каждый сезон. Фабричное производство подарило нам возможность зайти в магазин, увидеть скидку,купить 5 вещей по цене 4. И в 99% случаев - из этих 5 вещей в течение года наденется только 2. Это пример эмоционального шоппинга.  Производитель, стремясь увеличить количество своей продукции, экономит на ее качестве. Как итог - такая одежда быстро портиться, она теряет форму, насыщенность цвета и тд.  Купить вещь дороже, но которая выполнена из качественного материала и которая прослужит дольше - вот основа осознанного потребления.   Если вам надоела какая-то вещь в гардеробе не спешите ее выбрасывать - совершите доброе дело - отдайте нуждающимся, подарите подруге/сестре, можете даже перепродать.   На изготовление одной футболки уходит 2700 л воды - столько человек в среднем потребляет за 900 дней. Ежедневно в Гонконге выбрасывается 1400 футболок! 10% от токсичного индустриального слива дает текстильная промышленность. Это приводит к гибели микроорганизмов, растений и животных.   Даже если один человек примет философию осознанного потребления - экологическая нагрузка на планету станет в разы меньше. Осознанное потребление - это не только про одежду. Это от одежды до мебели, от мусора до нового гаджета.  В следующий раз, когда придете в магазин, спросите себя:”А для чего мне нужна эта вещь?” Если только ради минутного удовольствия или из-за скидки - положите обратно.  Осознанное потребление можно и нужно превратить в образ жизнь - если начать задумываться обо всем, что мы покупаем.;15 04 2019 4:56:22;384;60;https://pp.userapi.com/c845520/v845520930/1e7c34/h64_ThysqCo.jpg
??Внезапная экологическая инициатива в Госдуме: предлагают с 2025 года запретить пластиковые пакеты! Ура?  http://amp.gs/RU2E;12 04 2019 10:05:26;391;35;
С Днём космонавтики!  Берегите Землю, она у нас одна ??;12 04 2019 8:07:15;582;47;https://pp.userapi.com/c849132/v849132192/16d8d6/PVQVwV2dN2I.jpg
Каждый может внести свой вклад:  ? откажись от пакета на кассе, приходи со своей сумкой ? не упаковывай лишний раз продукты, например, бананам не нужен пакет ? выбирай бумажную/картонную упаковку со знаком FSC  ? выбирай большую упаковку, лучше купить одну бутылку 5л воды, чем 5 бутылок по литру   Это просто!;12 04 2019 5:14:10;382;91;
Комикс к просмотру обязателен, детям и взрослым;11 04 2019 4:11:32;1115;165;https://sun3-1.userapi.com/c846420/v846420270/1de347/elY2SFGxexc.jpg https://pp.userapi.com/c855528/v855528228/1eaf9/_Gltsa4LFXg.jpg https://pp.userapi.com/c855736/v855736228/1f2b7/hRCjiC5AviA.jpg https://pp.userapi.com/c855736/v855736228/1f2c0/pOeYe5LqPmw.jpg https://pp.userapi.com/c855736/v855736228/1f2c9/IVi1ecqUFPU.jpg https://pp.userapi.com/c855736/v855736228/1f2d2/DVVD97sQPRE.jpg https://pp.userapi.com/c855736/v855736228/1f2db/e_mSgga9nOs.jpg https://pp.userapi.com/c855736/v855736228/1f2e4/rdRcYlxF9KA.jpg https://pp.userapi.com/c855736/v855736228/1f2ed/J7B2yBSJGy4.jpg https://pp.userapi.com/c855736/v855736228/1f2f6/0qFo_S4qtWM.jpg
Эверест превращается в самую высокогорную свалку в мире;10 04 2019 3:52:51;128;30;https://pp.userapi.com/c846322/v846322816/1de1c6/wq2H_R3vX18.jpg
В четверг, 11 апреля, в Тюмени начнется масштабное событие в лесной сфере – Национальный лесной форум.  В течение двух дней – 11 и 12 апреля – первые лица отрасли и региона, в том числе губернатор Александр Моор, обсудят важнейшие вопросы экономики лесного хозяйства, благоустройства городских лесов, законодательные меры, необходимые для надежного взаимодействия государства и бизнеса и другие темы.    Национальный лесной форум пройдёт в Тюмени впервые. Он посвящён правоприменительной практике в области природопользования.    В первый день форума запланирована экскурсия на комбинат ООО «СВЕЗА-Лес», посещение Гилевской рощи, выставки стендов, отражающих специфику тюменского региона, тематических фотозон и дискуссионных площадок.    Во второй день пройдёт работа тематических площадок.    По итогам форума его участники выскажут предложения и конкретные законодательные инициативы в сфере природопользования.    Программу можно будет найти на сайте форума. Там же открыта регистрация на мероприятие: леснойфорум.рф.    #Лесопонимание #Лесолюбы;09 04 2019 16:28:00;38;8;
100 вещей и ничего лишнего: в прокат выходит фильм об осознанном потреблении    28 марта 2019 года в прокат вышел фильм «100 вещей и ничего лишнего» немецкого режиссера Флориана Давида Фица. Это редкий немецкий фильм на большом экране, который посвящен теме избыточного потребления.;08 04 2019 17:32:02;368;55;https://sun3-4.userapi.com/c847120/v847120241/1d9fee/M5hcP7-qCxQ.jpg
Подборка документальных фильмов. Ставь лайк, чтобы не потерять ?;08 04 2019 5:23:16;268;48;https://pp.userapi.com/c852128/v852128157/f507e/c2LFWw0Jsqs.jpg
Вокруг много простых вещей с секретами... Давайте раскрывать секреты и искать альтернативу или отказываться совсем. Нарисовала Asya Mitskevich - @ecoasya https://www.instagram.com/ecoasya Часть 3;05 04 2019 12:58:58;375;104;https://pp.userapi.com/c847017/v847017895/1d8375/dy9W-cdeyCI.jpg https://pp.userapi.com/c846522/v846522895/1dcfce/Dl1F3SIruRM.jpg https://pp.userapi.com/c855436/v855436040/15ec0/2eI4FC4g6ec.jpg https://pp.userapi.com/c849420/v849420895/1657e7/94CXDmNEqZc.jpg https://pp.userapi.com/c849420/v849420895/1657f0/LDKgclmKe1Y.jpg https://pp.userapi.com/c845018/v845018895/1e166a/c_KJmB_M_s8.jpg
"Физики из США превратили обычные нитки в своеобразный детектор аммиака, паров соляной кислоты и других опасных газов, что позволит встроить подобные датчики в одежду для рабочих и сотрудников лабораторий. Методика их изготовления была раскрыта в журнале Scientific Reports.  За последние годы физики и химики создали десятки полупроводниковых устройств и датчиков из различных наноматериалов, способных улавливать и ""подсчитывать"" молекулы различных газов в воздухе или в других газовых средах.  Подобные системы сегодня отвечают за обеспечение безопасности АЭС, различных химических предприятий и других заводов, утечки газов на которых могут привести не только к смерти персонала, но и к масштабным экологическим бедствиям. https://ria.ru/20190404/1552385501.html?utm_source=yxnews&utm_medium=desktop";05 04 2019 8:30:36;32;5;
В Сочи постелили футбольное поле из переработанных пластиковых стаканчиков, использованных во время ЧМ-2018.  Всего на это ушло около 50 000 пивных стаканов общим весом 2,5 тонны;05 04 2019 5:01:26;386;28;https://pp.userapi.com/c853420/v853420117/1892b/JGpACBdagjc.jpg https://pp.userapi.com/c854220/v854220117/18a3e/eG8uaryxk2U.jpg https://pp.userapi.com/c854424/v854424117/1b01d/Zv1EQEULPoo.jpg https://pp.userapi.com/c854220/v854220117/18a47/w-bD_jd9Ows.jpg
Любишь море и необычные приключения?  Хочешь в яхт-экспедицию изучать дельфинов?    Мы ищем участников, которые станут исследователями и вместе с учёными проведут учёт дельфинов в Чёрном море! Море, интересные лекции о морской биологии, посещение заповедников, южные звёздные ночи, купание в самых живописных бухтах, и важное исследование проводимое на красивейшей яхте! Вся информация об экспедициях на сайте dolphinology.ru где необходимо заполнить заявку.;04 04 2019 16:30:03;48;13;https://pp.userapi.com/c855628/v855628157/17dad/Zvd3XK30wU0.jpg
Вокруг много простых вещей с секретами... Давайте раскрывать секреты и искать альтернативу или отказываться совсем. Нарисовала Asya Mitskevich - @ecoasya https://www.instagram.com/ecoasya Часть 2;04 04 2019 4:58:14;215;49;https://pp.userapi.com/c850228/v850228895/11b7c6/B5_mdMI4_KI.jpg https://pp.userapi.com/c851028/v851028040/eff9d/vmxXdN60eJk.jpg https://pp.userapi.com/c846523/v846523895/1da8e3/a9mToI-MnqU.jpg https://pp.userapi.com/c855732/v855732040/16cb5/2uZkml7kML4.jpg
Вокруг много простых вещей с секретами... Давайте раскрывать секреты и искать альтернативу или отказываться совсем. Нарисовала Asya Mitskevich - @ecoasya https://www.instagram.com/ecoasya  Часть 1;03 04 2019 13:52:51;362;85;https://pp.userapi.com/c846524/v846524895/1dc0d4/1hbdUvbVuTk.jpg https://pp.userapi.com/c850128/v850128895/111865/pd_03ENU_1I.jpg https://pp.userapi.com/c850736/v850736040/f0ffa/N7gFGLy31yM.jpg https://pp.userapi.com/c850728/v850728040/f1751/v3s6abHAfmQ.jpg
С 1 апреля в Грузии полностью запрещены неразлагаемые полиэтиленовые пакеты любой толщины. Их нельзя производить, импортировать и продавать.  За первое нарушение предпринимателям грозит штраф в 500 лари (около 12 000 рублей), за повторное — вдвое больше. При этом разрешено использовать биодеградируемые пакеты. Запрет вводится поэтапно: 1 октября были запрещены пакеты толщиной менее 15 микрон.  На днях Европарламент поддержал отказ от использования одноразового пластика, который вступит в силу с 2021 года.;02 04 2019 14:39:21;729;87;https://pp.userapi.com/c846322/v846322488/1d36b9/OVHE7URqg0k.jpg
"ПРОБИЛ ЧАС ПЛАСТИКОВОЙ БУТЫЛКИ  Сан-Франциско стал первым американским городом, запретившим продажу воды в пластиковых бутылках. Согласно плану, на протяжении 4 лет продажа пластиковых бутылок с водой постепенно будет уменьшаться.  Подробности читайте в ""Зелёном городе"" - http://green-city.su/probil-chas-plastikovoj-butylki/";01 04 2019 17:54:24;314;50;
"30 марта с 20:30 до 21:30 пройдет всемирная акция ""Час Земли"", когда вся планета ( а точнее ее самые сознательные представители) выключит свет в своих домах. Проходите тест, который подготовил Гринпис, и присоединяйтесь к акции https://60.wwf.ru/";28 03 2019 5:47:00;144;35;
??Главные новости к этому часу:   Суд аннулировал экологическую экспертизу, одобрившую строительство китайского завода на Байкале: http://news.lenta.ch/45YW;27 03 2019 19:14:27;225;21;
«Уничтожение природы - это уничтожение жизни» — красивая и мощная социальная кампания авторства дизайнера Сурачай Путикулангкура;25 03 2019 8:44:00;1310;230;https://pp.userapi.com/c855320/v855320446/da6b/JgIY8H-Hyks.jpg https://pp.userapi.com/c845220/v845220631/1d8e9f/IFfC97qSkmo.jpg https://pp.userapi.com/c852136/v852136446/de442/BsRScJ-wmNw.jpg https://pp.userapi.com/c852136/v852136446/de44a/3CAZ-ar2j4I.jpg https://pp.userapi.com/c852136/v852136446/de452/IoX3ZhlKXPc.jpg
"Катастрофические вырубки лесов в Сибири и на Дальнем Востоке в последние десятилетия.  В России за период с 2001 по 2014 год произошло сокращение лесов на площади 40,94 млн га. Огромные лесные территории в Сибири стали пустынными зонами. Густые хвойные участки превратились в странные и страшные куски земли, усеянные пеньками. В социальных сетях и на спутниковых снимках видны картины, вселяющие ужас и подтверждающие, что на Дальнем Востоке и в Сибири в огромных масштабах нелегально вырубается и продается лес, что наносит непоправимый ущерб флоре и фауне. Приводятся такие данные: 1,5 млн кубометров леса в Приморье вырубается каждый год для теневых структур нелегально; Всемирный фонд защиты природы с 2002 г. грозит полным истреблением лесов в России; незаконная продажа древесины на Дальнем Востоке приносит доход в 450 млн долларов и большая часть достается азиатским заказчикам;  На фотографиях и спутниковых снимках отлично видны многочисленные участки вырубки и вывоза лесных массивов, наибольшее скопление которых располагается в Иркутской области, Красноярском и Приморском крае.";24 03 2019 17:35:37;731;190;https://pp.userapi.com/c855524/v855524446/ce9b/DFbNByl9O9g.jpg https://pp.userapi.com/c851228/v851228446/e7731/7BWzOvuy_XQ.jpg https://sun3-1.userapi.com/c850432/v850432446/e39ea/W5FXON20MnI.jpg https://pp.userapi.com/c850432/v850432446/e39fc/AFDSlbt_SAk.jpg https://pp.userapi.com/c850432/v850432446/e39f3/1-q2JlB8FAY.jpg
Социальная реклама против цирков с дикими животными;19 03 2019 5:04:00;803;72;https://pp.userapi.com/c851036/v851036873/d104c/i8N5tqZK4Hs.jpg
??Социальная реклама из Бразилии цель которой обратить внимание на проблему загрязнения морской природы пластиком.  ??На принтах изображены различные морские животные в агонии после контакта с пластиком из предметов, используемых в нашей повседневной жизни.  ??Слоган: Пластик, который вы используете однажды, мучает океаны навсегда.;16 03 2019 8:37:01;1089;159;https://pp.userapi.com/c846019/v846019445/1be7b5/uBb3rNeN2e4.jpg
Телеканал Discovery Channel в рамках глобального проекта Project C.A.T., направленного на увеличение числа тигров в дикой природе к 2022 году, запускает масштабную информационную кампанию.  Отмечается, что до конца марта в официальной группе Discovery Channel Russia в соцсети «ВКонтакте» ежедневно будет размещаться изображение тигра. Пользователям сети предложат поделиться этим постом на своей странице. Если активность подписчиков группы будет низкой, тигр насчет «исчезать» с фотографии.;14 03 2019 12:38:30;120;25;https://sun3-4.userapi.com/c852228/v852228426/ddf08/ks1QTxpOQE0.jpg
Социальная Реклама против цирков с использованием животных;06 03 2019 19:03:57;649;94;https://pp.userapi.com/c850224/v850224467/f8a06/WtEuR8Stx64.jpg https://pp.userapi.com/c846221/v846221467/1b7b38/VowNX6HDtEM.jpg https://pp.userapi.com/c845419/v845419467/1c1f65/kipEnQ8xpiM.jpg https://pp.userapi.com/c845419/v845419467/1c1f5c/Zf7sH62XGew.jpg
В заповеднике «Столбы» (г.Красноярск) открыт новый объект туристической инфраструктуры – экоцентр «Лалетино»  Объект находится в охранной зоне заповедника, в городской черте. Центр площадью 75 кв.м построен по природосберегающей технологии, на винтовых сваях (как и все туристические объекты заповедника) и представляет собой отдельно стоящее одноэтажное деревянное здание высотой 4 м, на остеклении изображен символ заповедной системы России – медведь. Новый эколого-познавательный центр работает ежедневно, с 10.00 до 18.00 часов.;04 03 2019 8:41:07;64;3;https://pp.userapi.com/c845122/v845122118/1c2652/tBXJAa__6kk.jpg
В ближайшие 100 лет планета может остаться без слоисто-кучевых облаков, которые защищают Землю от перегрева. Результаты исследования ученых Калифорнийского университета опубликованы в Nature Geoscience.  Облака могут исчезнуть из-за роста концентрации углекислого газа в атмосфере. Точка невозврата будет пройдена, если уровень СО2 превысит 1200 ppm (в три раза больше текущего показателя).  Последствия исчезновения облаков будут масштабными и страшными: больше ничто не закроет от солнечного света значительную часть Мирового океана. Средние температуры по всему земному шару вырастут примерно на 8 градусов — это станет причиной природных катаклизмов и массового вымирания животных и растений.  https://www.nature.com/articles/s41561-019-0310-1;01 03 2019 14:15:00;109;22;https://pp.userapi.com/c849120/v849120327/13613f/31kS4_6SZUs.jpg
Обладатель премии «Оскар» Леонардо Ди Каприо обратился в социальных сетях к своим подписчикам с просьбой подписать петицию против удержания косаток и белух в бухте под Находкой в Приморском крае.   «Пожалуйста, подпишите эту петицию и присоединяйтесь ко мне в борьбе против бесчеловечного захвата косаток и белух в России», — написал актёр. Сейчас количество подписей достигло отметки в 880 тысяч подписей от пользователей со всего мира.  https://www.wonderzine.com/wonderzine/life/news/241517-dicaprio-supporting-belugas?utm_source=vk.com&utm_medium=social&utm_campaign=leonardo-di-kaprio-prosit-svoih-podpischi;28 02 2019 5:11:14;219;23;https://pp.userapi.com/c850236/v850236389/ef206/4Hu3WmIy4BY.jpg
IKEA в 2020 году намерена выпустить специальные занавески, призванные очистить воздух в доме.  В основе ткани для таких занавесок лежат минеральные компоненты. Этот материал способен расщеплять пыль и неприятные запахи. Специалисты отметили, что занавески получат название Gunrid.  Как рассказали в IKEA, поверхность занавесок обработана фотокаталитическим минералом. Когда свет проникает через них, структура загрязнителей разрушается. То есть такая технология подобна фотосинтезу.   Цена новинки от IKEA в настоящий момент не уточняется.;25 02 2019 13:49:17;315;27;https://pp.userapi.com/c847218/v847218405/1af9c1/TAMrEk_Ybp0.jpg
Роспотребнадзор ослабил нормы содержания в воздухе вредных веществ, включая формальдегид, фенол, диоксид азота и метилмеркаптан и других опасных соединений.  Например, нынешняя предельно допустимая концентрация метилмеркаптана в воздухе в 667 раз превышает норматив 1999 года.  Фенол, формальдегид, метилмеркаптан — яды, постоянное вдыхание которых увеличивает интоксикацию организма и способствует снижению иммунитета.  Новые гигиенические нормы, конечно, улучшают статистику — теперь она показывает, что меньше городов подвержены риску повышенной концентрации канцерогенных веществ. Но в то же время они не только не решат уже существующую проблему, но и позволят предприятиям увеличить объём выбросов.;24 02 2019 5:33:55;589;144;https://pp.userapi.com/c847120/v847120214/1a4523/YqiLEsyHG68.jpg
"На Галапагосах обнаружили считавшуюся вымершей черепаху  Гигантская черепаха Chelonoidis Phantasticus, обнаруженная на Галапагосских островах участниками исследовательской экспедиции, организованной экологической организацией Galapagos Conservancy, считалась полностью вымершей более ста лет назад.  Самку вида Chelonoidis Phantasticus, как уточняет британский таблоид Daily Mail, нашли на острове Фернандина — это третий по размеру остров Галапагос. Ранее такую черепаху в последний раз видели в очень далеком 1906 году.  Вид, о котором идет речь, считался ""возможно вымершим"" экспертами Международного союза охраны природы. Предполагалось, что причиной исчезновения черепах Chelonoidis Phantasticus стала вулканическая активность, нарушившая привычные для них условия существования.  Но нет. Черепахи, как внезапно выяснилось, выжили — намеки на это были обнаружены еще полвека назад, когда ученые нашли укусы на кактусах, указывающие на существование считавшихся вымершими гигантских черепах. Теперь исследователям удалось отыскать и живого представителя вида.";22 02 2019 8:31:13;327;14;https://pp.userapi.com/c849428/v849428207/131d6f/T0xnGiaC3Oo.jpg
Вы ведь знаете, что использованные батарейки нельзя просто выбрасывать, а следует утилизировать?!  Давайте поступать правильно вместе!  В магазинах «М.Видео» стоят специальные боксы для утилизации, чтобы дальше батарейки попали на переработку.    Список магазинов с ящиками для батареек можно посмотреть по ссылке: https://www.mvideo.ru/promo/utilizaciya-batareek;18 02 2019 17:40:00;126;30;https://pp.userapi.com/c849520/v849520633/131bec/B6nxJrbEBBQ.jpg
Школьница из Новосибирска создала робота для сортировки отходов  По задумке, робот сам захватывает отходы манипулятором и помещает в нужный контейнер. Сейчас система может распознавать мелкий мусор на расстоянии до 1,8 м, а крупные отходы — на дистанции более 5 м. По расчетам Елизаветы, для уборки улиц небольшого города достаточно нескольких десятков таких роботов.  https://knife.media/waste-sorting-robot/;12 02 2019 14:59:52;136;30;
Международный день науки и гуманизма или День Дарвина (Darwin Day), приуроченный ко дню рождения знаменитого английского учёного-натуралиста, отмечается ежегодно 12 февраля.;12 02 2019 10:17:36;85;12;https://pp.userapi.com/c847021/v847021577/196328/SY8coWTvBfM.jpg
В Башкирском городе Сибай, где с ноября 2018 года горит законсервированный карьер, всё-таки решили проверить воздух и зафиксировали аж 23-кратное превышение диоксида серы в воздухе, при таком загрязнении заболеть раком легких даже не самое худшее, что может произойти.   Да, это там, где людям предлагали активированный уголь и медицинские маски (которые по исследованиям пропускают 34% вредных веществ), а затем хотели разгонять воздух вентиляторами. Глава города предложил жителям покинуть свои дома и переселиться в пункты временного размещения. Сами жители требуют введения режима ЧС и отставки руководства администрации. Страшно представить, что люди уже четыре месяца живут в непригодных для жизни условиях, а чиновники просто тянут время, придумывая какие-то идиотские решения серьезной проблемы, и никому за это ничего не будет.  Башкирский Сибай имеет все шансы стать российской Припятью. Выйти на улицу без противогаза, значит вернуться домой больным. Мэру запретили покидать город, но режим ЧС не вводят, несмотря на требования местных жителей.;11 02 2019 5:40:41;683;143;https://pp.userapi.com/c852016/v852016732/b0c85/AfHHsEgzXYk.jpg
ШКАЛА БОРТЛЯ ДЛЯ НОЧНОГО НЕБА  Шкала Бортля показывает чистоту ночного неба от 1 до 9, где 1 — это идеальная видимость, доступная невооруженным глазом, а 9 — самая низкая. Хуже всего звездное небо наблюдается в центральных районах городов, где больше всего искусственного освещения. Оно и является главным препятствием наблюдению за звёздами!  А у вас в городе какой уровень видимости по данной шкале?;09 02 2019 16:19:27;98;16;https://pp.userapi.com/c849136/v849136842/12da44/_cNxEjC9AeA.jpg
Из дневника Фёдора Конюхова Январь, 2019  https://konyukhov.ru/;05 02 2019 5:41:56;449;82;https://pp.userapi.com/c848536/v848536506/11e0de/AECP69FO1O8.jpg
2 февраля - день сурка Отличный повод пересмотреть этот фильм ??;02 02 2019 6:11:15;65;2;https://pp.userapi.com/c852124/v852124169/a944c/3LDXfPSKpQk.jpg
Друзья ждем ваших ответов и, пожалуйста, в комментариях расшифруйте, что его составляет, а также сколько и чего сдаёте на повторную переработку.;01 02 2019 12:06:18;9;2;
Всемирный фонд дикой природы нарисовал в Москве граффити про белых медведей.   Просуществовало оно недолго, его уже закрасили.;29 01 2019 16:52:25;158;6;https://pp.userapi.com/c846018/v846018238/18ccd4/2pga_Y8Bu5Y.jpg
книга «Грустных фактов о животных».   Зверята, птенцы, маленькие рептилии и жуки — художница и писательница Брук Баркер рассказывает об их непростой жизни с любовью и вниманием. Вы только посмотрите на иллюстрации!  https://bookmate.app.link/sadkittens;29 01 2019 11:01:39;89;4;https://pp.userapi.com/c846020/v846020898/1892b0/_YqXSYFnwSk.jpg https://pp.userapi.com/c845220/v845220898/195e5d/Z5HaHld7A9U.jpg https://pp.userapi.com/c852024/v852024716/a48c6/3T1hPs-MJRc.jpg https://pp.userapi.com/c852024/v852024716/a48cf/o_n1SGZ90Jg.jpg
"ДОКУМЕНТАЛЬНЫЙ ФИЛЬМ. ЗЕМЛЯ, УВИДЕННАЯ С НЕБА Ян Артюс-Бертран (Yann Arthus-Bertrand) — французский фотограф, фотожурналист, кавалер ордена Почётного легиона и обладатель множества других наград. Получил мировую известность благодаря серии фотографий различных уголков Земли, снятых с воздуха: проект «Земля, увиденная с неба» (англ. Earth from the Air; 1995). Одноимённая книга вышла в том числе и на русском языке в 2002 году. Артюс-Бертран выпустил около 60 книг с фотографиями, сделанными с высоты. Всего в мире продано 3 млн книг с его фотографиями. Цикл «Земля, увиденная с неба», снят по мотивам одноименного бестселлера и фотовыставки, которую посетили более 60 миллионов человек, — это волшебное путешествие по самым красивым природным ландшафтам мира, снятое в удивительном HD-качестве. Ведущий, всемирно известный фотограф Ян Артюс-Бертран, продемонстрирует зрителям одни из самых потрясающих кадров за всю историю аэрофотографии. От глубочайших океанов Земли до головокружительных горных высот";26 01 2019 18:50:00;42;9;https://pp.userapi.com/c4641/u59482665/video/x_00bb1c8f.jpg
Вы знаете, кто такой дубровник?   Это маленькая птичка семейства овсянковых, которая на сегодняшний день находится практически на грани исчезновения. Чтобы спасти популяцию дубровника, ученые-орнитологи проводят полевые работы по изучению путей миграции и районов зимовки, и предпринимают меры по сохранению птичек.   Для отслеживания крылатых маршрутов необходимы геологгеры, каждой птичке - по датчику, который покажет ее месторасположение. На Planeta.ru Вы можете пожертвовать любую сумму на геологгер – https://planeta.ru/campaigns/100599. В благодарность к Вам прилетит приятный сувенир и будет напоминать о Вашем ценном вкладе в сохранение целой популяции птиц на этой планете! Спасем дубровника вместе!;25 01 2019 17:19:00;53;7;https://pp.userapi.com/c848632/v848632458/10d696/LRrKtRjoIIg.jpg
?? Глобальное потепление: кто виноват и что делать?: https://youtu.be/JaMUUIKnZ5w;23 01 2019 18:16:49;17;4;https://pp.userapi.com/c851520/v851520411/9b15a/vjNeQqPFrQ0.jpg
Более 100 тонн осетров погибло в результате отравления воды в реке Урал  В Атырауской области количество погибшей рыбы в реке Урал в результате отравления неизвестным веществом, произошедшего в первой декаде декабря 2018 года, достигло 107 тонн.  «В садковом хозяйстве ТОО «Луговской конный завод» зафиксирована гибель порядка 100 тонн искуственно выращенных товарных осетров», сообщил 15 января в Атырау в ходе пресс-конференции руководитель управления охраны рыбных ресурсов и регулирования рыболовства Комитета лесного хозяйства и животного мира Министерства сельского хозяйства РК Кадырбек Искалиев.  По его словам, на сегодняшний день из садков на берег вытащили 3 тысячи штук погибшего осетра. Всего в садках ТОО «Луговской конный завод» находилось порядка 36 000 голов рыбы осетровых пород, 6 тысяч из которых самки.  Акиматом области составлен график выемки рыбы. В помощь сотрудникам завода будет направлена рабочая сила, чтобы до конца января вытащить на поверхность всю оставшуюся рыбу. Это связано с тем, что «в начале февраля уже начнется усиление течения воды. Кроме того, начнется нерест отдельных видов рыбы».  Помимо этого, 1,7 тонны осетровых или 175 особей погибло в прудах РГКП «Урало-Атырауский рыбоводный завод».  На сегодняшний день общий объем частиковой рыбы, собранной в реке Урал, составил 5,4 тонны. Вся погибшая рыба сейчас хранится в специальных морозильниках и будет ликвидирована по окончании следственных мероприятий.;22 01 2019 14:06:32;98;29;https://pp.userapi.com/c848636/v848636288/11173f/sz-tEAQsDy8.jpg
"Друзья и коллеги!  ?Не забываем о помощи друг другу, многие из нас любители экологии, но есть и профессионалы, которые связали с экологией свою профессиональную жизнь.  Давайте помогать друг другу, отвечайте на вопросы в обсуждениях ""Вопрос экологу"" - поможем друг другу решить эко-проблемы - Куда сдать градусник? - Что делать с локальной свалкой? - Платежи ПДВ  и другие вопросы ждут нас ????? https://vk.com/topic-39692347_30605029?offset=600";22 01 2019 8:28:25;15;8;https://pp.userapi.com/c851124/v851124498/92658/tRn3aw6TQpA.jpg
Как устрицы фильтруют и в конечном итоге очищают воду через пищеварительную систему.    Устрица может отфильтровать до 200 литров в день, на гифке было 20 устриц, что довольно много для такого объема воды.    Полная фильтрация воды заняла 5 часов.;21 01 2019 13:36:18;150;25;https://pp.userapi.com/c845419/v845419117/18247f/7pVx8MZ0lh0.jpg
Американский бренд Tommy Hilfiger запускает постоянную линейку из переработанного денима в рамках основной коллекции. Она появится в фирменных магазинах в феврале этого года.  Все вещи были разработаны при сотрудничестве с компанией PVH Denim Center, придумавшей технологию производства джинсовых изделий из вторичной хлопчатобумажной ткани. Кроме того, по данным WWD, в качестве материала для шовной нити будут использованы прошедшие повторную переработку пластиковые бутылки.  «Мы несём ответственность перед будущими поколениями и должны делать производство продукции более продуманным для защиты окружающей среды. Начиная с того, как мы разрабатываем и производим нашу одежду, мы хотим вдохновить потребителей на внесение устойчивых изменений», — рассказал основатель бренда.;21 01 2019 11:18:48;79;3;https://pp.userapi.com/c847017/v847017184/17f289/qWS-Hlc7bzE.jpg
Компания Mars, один из крупнейших производителей кондитерских изделий, запускает просветительскую программу для школьников «Чистый город начинается с тебя» в новом формате.    Программа проводится в партнерстве с движением ЭКА и была разработана методистами и экспертами в области экологии специально для реализации среди учеников начальных классов. Дети смогут получить не только теоретические знания, но и попробовать применить их на базе школы, например, наладить раздельный сбор отходов, подарить вещам вторую жизнь, организовать посадку деревьев в школьном дворе. Участие в программе доступно для учителей и волонтеров по всей России. Чтобы провести урок в своем классе, педагогам необходимо зарегистрироваться на специальном сайте экоспасатели.рф и бесплатно скачать материалы для занятия.;18 01 2019 15:51:34;59;21;https://pp.userapi.com/c847018/v847018925/17b24f/4fFiMQWvx4g.jpg
— Ну хорошо! Если дельфины такие умные, как вы говорите, то почему они не построили свою цивилизацию?    — О какой цивилизации вы говорите? Дельфины живут в прекрасном для себя мире. У них практически нет естественных врагов, кроме, собственно, людей. Океан занимает 2/3 площади всего земного шара. Вдоволь еды. Что им еще делать, кроме как есть, играть и жить в своё удовольствие? Что вы хотите увидеть в качестве их цивилизации? Многоквартирные дома или офисы? Бордели? Золотые рудники? Банки с их кредитами и ипотекой? Фондовые рынки? Автомобили и нефтяные скважины? Армию, суды, может, тюрьмы со сторожевыми вышками и колючей проволокой? Или, по-вашему, они должны строить церкви и храмы? Может быть, их отличие от нас в том и состоит, что им хватает ума не заниматься всей этой ерундой!;17 01 2019 15:28:43;341;40;https://pp.userapi.com/c847021/v847021295/17d1d7/by772gTJPBA.jpg
В Москве откроется первый пункт бесплатной стерилизации животных  Первый пункт бесплатной стерилизации беспородных животных откроется 21 января на юго-западе Москвы. Об этом сообщило агентство «Москва» со ссылкой на службу помощи бездомным животным «Экология человека».  «Стерилизация — единственный гуманный метод регулирования численности животных в условиях мегаполиса, а также неотъемлемая часть проявления заботы хозяина и ответственности за своего питомца и его потомство. Однако в ветеринарных клиниках Москвы цены на подобные операции высоки — для некоторых хозяев беспородных животных эти суммы зачастую становятся неподъемными», — отметили в пресс-службе организации. В новом пункте по адресу Ленинский проспект, 86 владельцы беспородных животных смогут бесплатно стерилизовать своих питомцев. «В результате меньше животных окажется на улицах столицы и не погибнет от холода, жестокого обращения или других причин», — говорится в сообщении.  Зоозащитники заручились поддержкой комитета общественных связей Москвы.;17 01 2019 5:47:00;95;24;https://pp.userapi.com/c845018/v845018215/1793ee/CKLMieFYwgE.jpg
На официальном сайте Минприроды России опубликован паспорт Национального проекта «Экология»  Документ был утвержден на заседании президиума Совета при Президенте РФ по стратегическому развитию и национальным проектам 24 декабря 2018 г.    Цель Национального проекта «Экология» - улучшение экологической обстановки в Российской Федерации. Все мероприятия национального проекта будут носить системный и комплексный характер.    В частности, по итогам реализации нацпроекта должно быть обеспечено эффективное обращение с отходами производства и потребления, включая ликвидацию всех выявленных на 1 января 2018 г. несанкционированных свалок в границах городов, кардинальное снижение уровня загрязнения атмосферного воздуха в крупных промышленных центрах, в том числе уменьшение не менее чем на 20% совокупного объема выбросов загрязняющих веществ в атмосферный воздух в наиболее загрязненных городах.    Кроме того, мероприятия нацпроекта направлены на повышение качества питьевой воды для населения, экологическое оздоровление водных объектов, включая реку Волгу, и сохранение уникальных водных систем, (озера Байкал и Телецкое), сохранение биологического разнообразия, в том числе посредством создания не менее 24 новых особо охраняемых природных территорий.    Национальный проект «Экология» объединяет 11 федеральных проектов со сроком реализации и достижения результатов в 2024 г.  http://www.mnr.gov.ru/activity/directions/natsionalnyy_proekt_ekologiya/;16 01 2019 9:29:29;104;34;https://pp.userapi.com/c847018/v847018938/1789e0/2fpaPq39HZI.jpg
Минский лейбл Ezhevika выпустил благотворительный музыкальный сборник «V Miracle: Music for Oceans». Участие приняли 16 проектов из Беларуси, России, Швеции, Канады, США, Италии, Австрии, Великобритании.    Средства, вырученные с продаж сборника, будут направлены в пользу некоммерческой организации www.SeaLegacy.org. Их миссия — создать здоровые и изобилующие жизнью океаны для себя и для всей планеты. Основателями организации являются фотографы National Geographic Пол Никлен и Кристина Миттермайер.   «Управлять Sea Legacy — это огромная ответственность, — говорит Пол Никлен в своем Instagram, — я очень люблю делиться историями о разных местах и о животных, которые не имеют голоса. Но наши голоса громки, и когда мы вместе, мы будем услышаны».    Составитель компиляции Константин Курьянов говорит: «Зона комфорта не должна заканчиваться на пороге своего дома или на границе Беларуси. Мы все граждане мира, и несем ответственность за всю планету, в том числе за океаны. Это даже классно, что, находясь в Минске, за несколько тысяч километров от ближайшего океана, можно приносить пользу природе и на другом конце света».    Слушать / Купить компиляцию: http://bit.ly/music-for-oceans;15 01 2019 12:56:11;14;4;https://pp.userapi.com/c850624/v850624035/9555e/SlzolBZIxZI.jpg
ПОЧЕМУ ЕЛКУ НАДО СДАТЬ, а не просто выкинуть в общий контейнер?   В пунктах принимают ели, сосны и пихты, при этом на них не должно быть мишуры и других украшений. Все деревья отправят на переработку, из них сделают щепу, которая станет основой для нового растительного грунта. Если выбросить их в обычный контейнер, они окажутся на мусорном полигоне и не принесут пользы.;09 01 2019 6:41:04;172;39;https://pp.userapi.com/c845324/v845324834/175df2/-68i8_rLIMk.jpg
Экология - это вклад каждого.  Пишите свои экологические обещания на год в комментариях!  Например, Я ОБЕЩАЮ НАЧАТЬ СОРТИРОВАТЬ МУСОР Я обещаю посетить 2 национальных парка.;09 01 2019 4:24:38;25;4;https://pp.userapi.com/c844216/v844216736/17b130/NDnEygNsV-M.jpg
